,CONTACT TYPES,,INTERACTION TYPES,,TIMES,,DURATIONS
,Manager,,Phone call,,0.33333333333333331,,1.0416666666666666E-2
,Sales,,In-person Meeting,,0.34375,,2.0833333333333332E-2
,Owner,,Teams Meeting,,0.35416666666666702,,3.125E-2
,Order Desk,,Email,,0.36458333333333298,,4.1666666666666664E-2
,Service,,Voice Message,,0.375,,5.2083333333333329E-2
,Marketing,,Text Message,,0.38541666666666702,,6.2499999999999993E-2
,Engineer,,Social media,,0.39583333333333298,,7.2916666666666657E-2
,,,Letter,,0.40625,,8.3333333333333329E-2
,,,Instant Message,,0.41666666666666702,,9.375E-2
,,,,,0.42708333333333298,,0.10416666666666667
,,,,,0.4375,,0.11458333333333334
,,,,,0.44791666666666702,,0.125
,,,,,0.45833333333333298,,0.13541666666666666
,,,,,0.46875,,0.14583333333333331
,,,,,0.47916666666666702,,0.15624999999999997
,,,,,0.48958333333333298,,0.16666666666666663
,,,,,0.5,,0.17708333333333329
,,,,,0.51041666666666696,,0.18749999999999994
,,,,,0.52083333333333304,,0.1979166666666666
,,,,,0.53125,,0.20833333333333326
,,,,,0.54166666666666696,,0.21874999999999992
,,,,,0.55208333333333304,,0.22916666666666657
,,,,,0.5625,,0.23958333333333323
,,,,,0.57291666666666696,,0.24999999999999989
,,,,,0.58333333333333304,,0.26041666666666657
,,,,,0.59375,,0.27083333333333326
,,,,,0.60416666666666696,,0.28124999999999994
,,,,,0.61458333333333304,,0.29166666666666663
,,,,,0.625,,0.30208333333333331
,,,,,0.63541666666666696,,0.3125
,,,,,0.64583333333333404,,0.32291666666666669
,,,,,0.65625,,0.33333333333333337
,,,,,0.66666666666666696,,0.34375000000000006
,,,,,0.67708333333333404,,0.35416666666666674
,,,,,0.6875,,0.36458333333333343
,,,,,0.69791666666666696,,0.37500000000000011
,,,,,0.70833333333333404,,0.3854166666666668
,,,,,0.71875,,0.39583333333333348
,,,,,0.72916666666666696,,0.40625000000000017
,,,,,0.73958333333333404,,0.41666666666666685
,,,,,0.75
,,,,,0.76041666666666696
,,,,,0.77083333333333404
,,,,,0.78125
,,,,,0.79166666666666696
,,,,,0.80208333333333404
,,,,,0.812500000000001
,,,,,0.82291666666666696
,,,,,0.83333333333333404
,,,,,0.843750000000001
,,,,,0.85416666666666696
,,,,,0.86458333333333404
,,,,,0.875000000000001
,,,,,0.88541666666666696
,,,,,0.89583333333333404
,,,,,0.906250000000001
,,,,,0.91666666666666696
,,,,,0.92708333333333404
,,,,,0.937500000000001
,,,,,0.94791666666666696
,,,,,0.95833333333333404
,,,,,0.968750000000001
,,,,,0.97916666666666696
,,,,,0.98958333333333404
,,,,,1
,,,,,1.0104166666666701
,,,,,1.0208333333333299
,,,,,1.03125
,,,,,1.0416666666666701
,,,,,1.0520833333333299
,,,,,1.0625
,,,,,1.0729166666666701
,,,,,1.0833333333333299
,,,,,1.09375
,,,,,1.1041666666666701
,,,,,1.1145833333333299
,,,,,1.125
,,,,,1.1354166666666701
,,,,,1.1458333333333299
,,,,,1.15625
,,,,,1.1666666666666701
,,,,,1.1770833333333399
,,,,,1.1875
,,,,,1.1979166666666701
,,,,,1.2083333333333399
,,,,,1.21875
,,,,,1.2291666666666701
,,,,,1.2395833333333399
,,,,,1.25
,,,,,1.2604166666666701
,,,,,1.2708333333333399
,,,,,1.28125
,,,,,1.2916666666666701
,,,,,1.3020833333333399
,,,,,1.3125
,,,,,1.3229166666666701
